[{"model": "sessions.session", "pk": "1xaluf8476mh92ld0nztnhs5pwrsr3xd", "fields": {"session_data": "Y2MwYjYzMWUwY2NlNmZlNTIxNmZkYjY5MjM5MGExN2MxMDEzYzA4OTp7Il9hdXRoX3VzZXJfaWQiOiIxIiwiX2F1dGhfdXNlcl9iYWNrZW5kIjoiZGphbmdvLmNvbnRyaWIuYXV0aC5iYWNrZW5kcy5Nb2RlbEJhY2tlbmQiLCJfYXV0aF91c2VyX2hhc2giOiJkNzQ3ZGJkZmY3YzljNzA3NDA1ZTExMjllZjA1OWE3NmQ0NjMxOWMyIn0=", "expire_date": "2020-05-02T06:43:34.960Z"}}, {"model": "sessions.session", "pk": "23rolzkoxekb3p00ei2rzk80aaffl46z", "fields": {"session_data": "Y2MwYjYzMWUwY2NlNmZlNTIxNmZkYjY5MjM5MGExN2MxMDEzYzA4OTp7Il9hdXRoX3VzZXJfaWQiOiIxIiwiX2F1dGhfdXNlcl9iYWNrZW5kIjoiZGphbmdvLmNvbnRyaWIuYXV0aC5iYWNrZW5kcy5Nb2RlbEJhY2tlbmQiLCJfYXV0aF91c2VyX2hhc2giOiJkNzQ3ZGJkZmY3YzljNzA3NDA1ZTExMjllZjA1OWE3NmQ0NjMxOWMyIn0=", "expire_date": "2020-05-12T05:47:16.622Z"}}, {"model": "sessions.session", "pk": "47w13luzia61cozxhq60h425xibwanmz", "fields": {"session_data": "ZDQ4ZjQ0NzY1ZDlmM2EwZGYyYWQzNWUyNzYxNWYyNjIzOWQ2OGU3YTp7Il9hdXRoX3VzZXJfaWQiOiIzIiwiX2F1dGhfdXNlcl9iYWNrZW5kIjoiZGphbmdvLmNvbnRyaWIuYXV0aC5iYWNrZW5kcy5Nb2RlbEJhY2tlbmQiLCJfYXV0aF91c2VyX2hhc2giOiI4ZWM3ODY5NTA0Y2I3YWVhMzIyYmI2NGM0YzVmNmE5ZWI1NmFhNTllIn0=", "expire_date": "2020-05-26T10:05:50.346Z"}}, {"model": "sessions.session", "pk": "ew4zm90xb3errjhad142cmsenzd379vr", "fields": {"session_data": "NDhjN2I3MzY4NDZkZDg2OTAyMGFlYjI3MmJlMTBlMmY3MzhmMTIzMjp7Il9hdXRoX3VzZXJfaWQiOiIyIiwiX2F1dGhfdXNlcl9iYWNrZW5kIjoiZGphbmdvLmNvbnRyaWIuYXV0aC5iYWNrZW5kcy5Nb2RlbEJhY2tlbmQiLCJfYXV0aF91c2VyX2hhc2giOiI5MDRiNWM1NmFjZDc4NmExYzY2MmRlMmY1OTA2NzU0MWU1MzE1N2JmIn0=", "expire_date": "2020-05-12T05:46:40.930Z"}}, {"model": "mainapp.facility", "pk": 1, "fields": {"icon": "bar", "name": "Bar"}}, {"model": "mainapp.facility", "pk": 2, "fields": {"icon": "breakfast", "name": "Tasty Breakfast"}}, {"model": "mainapp.facility", "pk": 3, "fields": {"icon": "fitness", "name": "Fitness centre"}}, {"model": "mainapp.facility", "pk": 4, "fields": {"icon": "parking", "name": "Free parking"}}, {"model": "mainapp.facility", "pk": 5, "fields": {"icon": "pool", "name": "Swimming pool"}}, {"model": "mainapp.hotelfacility", "pk": 1, "fields": {"hotel": 1, "facility": 1}}, {"model": "mainapp.hotelfacility", "pk": 2, "fields": {"hotel": 1, "facility": 2}}, {"model": "mainapp.hotelfacility", "pk": 3, "fields": {"hotel": 1, "facility": 3}}, {"model": "mainapp.hotelfacility", "pk": 4, "fields": {"hotel": 1, "facility": 4}}, {"model": "mainapp.hotelfacility", "pk": 5, "fields": {"hotel": 1, "facility": 5}}, {"model": "mainapp.room", "pk": 1, "fields": {"hotel": 1, "name": "\u0421\u0442\u0430\u043d\u0434\u0430\u0440\u0442\u043d\u044b\u0439", "price": "2000.00", "description": "Lorem Lorem Lorem Lorem Lorem Lorem Lorem Lorem Lorem Lorem Lorem Lorem Lorem Lorem Lorem Lorem Lorem Lorem Lorem Lorem Lorem Lorem Lorem Lorem Lorem Lorem Lorem Lorem Lorem Lorem Lorem Lorem Lorem Lorem Lorem Lorem Lorem Lorem Lorem Lorem Lorem Lorem Lorem Lorem Lorem Lorem Lorem", "adult": 2, "kids": 0, "infants": 1, "is_active": true}}, {"model": "mainapp.room", "pk": 2, "fields": {"hotel": 1, "name": "\u0421\u0435\u043c\u0435\u0439\u043d\u044b\u0439", "price": "3000.00", "description": "", "adult": 2, "kids": 1, "infants": 2, "is_active": false}}, {"model": "mainapp.roomgallery", "pk": 1, "fields": {"room": 1, "image": "rooms/2897d57ac0794e24b01d3d5845c68ad7.jpg", "is_avatar": true}}, {"model": "mainapp.roomgallery", "pk": 2, "fields": {"room": 1, "image": "rooms/f065cdff5d5d4da69e3c992be4d94191.jpg", "is_avatar": false}}, {"model": "mainapp.roomgallery", "pk": 3, "fields": {"room": 1, "image": "rooms/a8955ac84c314561af248822d0633ca6.jpg", "is_avatar": false}}, {"model": "mainapp.roomgallery", "pk": 4, "fields": {"room": 2, "image": "rooms/4a32db2fbe73407daefeb7da1cd8ced8.jpg", "is_avatar": true}}, {"model": "mainapp.roomgallery", "pk": 5, "fields": {"room": 2, "image": "rooms/931e3cce74ce495eb5fb6b9027c80723.jpg", "is_avatar": false}}, {"model": "mainapp.roomgallery", "pk": 6, "fields": {"room": 2, "image": "rooms/2fbd9afa29be4acfa74b3a582672de40.jpg", "is_avatar": false}}, {"model": "mainapp.bookings", "pk": 1, "fields": {"hotel": 1, "date": "2020-04-22", "room": 1, "client_name": "Donald Trump", "client_email": "sergioburik@gmail.com", "phone_number": "+7(953)324-83-90", "time": "12:25:00", "comments": "", "country": "USA", "address": "Birmingham Rd, Hatton, Warwickshire"}}, {"model": "mainapp.bookings", "pk": 2, "fields": {"hotel": 1, "date": "2020-04-23", "room": 1, "client_name": "Donald Trump", "client_email": "sergioburik@gmail.com", "phone_number": "+7(953)324-83-90", "time": "12:25:00", "comments": "", "country": "USA", "address": "Birmingham Rd, Hatton, Warwickshire"}}, {"model": "mainapp.bookings", "pk": 3, "fields": {"hotel": 1, "date": "2020-04-24", "room": 1, "client_name": "Donald Trump", "client_email": "sergioburik@gmail.com", "phone_number": "+7(953)324-83-90", "time": "12:25:00", "comments": "", "country": "USA", "address": "Birmingham Rd, Hatton, Warwickshire"}}, {"model": "mainapp.bookings", "pk": 4, "fields": {"hotel": 1, "date": "2020-04-23", "room": 2, "client_name": "Serg Burik", "client_email": "sergey.forester@mail.ru", "phone_number": "+7(953)324-83-90", "time": "11:30:00", "comments": "", "country": "USA", "address": "Birmingham Rd, Hatton, Warwickshire"}}, {"model": "mainapp.bookings", "pk": 5, "fields": {"hotel": 1, "date": "2020-04-24", "room": 2, "client_name": "Serg Burik", "client_email": "sergey.forester@mail.ru", "phone_number": "+7(953)324-83-90", "time": "11:30:00", "comments": "", "country": "USA", "address": "Birmingham Rd, Hatton, Warwickshire"}}, {"model": "mainapp.bookings", "pk": 6, "fields": {"hotel": 1, "date": "2020-04-25", "room": 2, "client_name": "Serg Burik", "client_email": "sergey.forester@mail.ru", "phone_number": "+7(953)324-83-90", "time": "11:30:00", "comments": "", "country": "USA", "address": "Birmingham Rd, Hatton, Warwickshire"}}, {"model": "mainapp.bookings", "pk": 7, "fields": {"hotel": 1, "date": "2020-04-18", "room": 2, "client_name": "Serg Burik", "client_email": "test@test.com", "phone_number": "+7(953)324-83-90", "time": "11:30:00", "comments": "", "country": "USA", "address": "Birmingham Rd, Hatton, Warwickshire"}}, {"model": "mainapp.bookings", "pk": 8, "fields": {"hotel": 1, "date": "2020-04-19", "room": 2, "client_name": "Serg Burik", "client_email": "test@test.com", "phone_number": "+7(953)324-83-90", "time": "11:30:00", "comments": "", "country": "USA", "address": "Birmingham Rd, Hatton, Warwickshire"}}, {"model": "mainapp.bookings", "pk": 9, "fields": {"hotel": 1, "date": "2020-04-20", "room": 2, "client_name": "Serg Burik", "client_email": "test@test.com", "phone_number": "+7(953)324-83-90", "time": "11:30:00", "comments": "", "country": "USA", "address": "Birmingham Rd, Hatton, Warwickshire"}}, {"model": "mainapp.bookings", "pk": 10, "fields": {"hotel": 1, "date": "2020-04-21", "room": 2, "client_name": "Serg Burik", "client_email": "test@test.com", "phone_number": "+7(953)324-83-90", "time": "11:30:00", "comments": "", "country": "USA", "address": "Birmingham Rd, Hatton, Warwickshire"}}, {"model": "mainapp.bookings", "pk": 11, "fields": {"hotel": 1, "date": "2020-05-13", "room": 1, "client_name": "\u041c\u0430\u0440\u0438\u043d\u0430 \u0432\u0438\u0448\u043d\u0435\u0432\u0441\u043a\u043e\u0433\u043e", "client_email": "123@fd.loc", "phone_number": "+79057183181", "time": "12:00", "comments": "ghdfsgsd", "country": "\u0420\u043e\u0441\u0441\u0438\u044f", "address": "\u0443\u043b\u0438\u0446\u0430 \u0412\u0441\u0435\u0432\u043e\u043b\u043e\u0434\u0430 \u0412\u0438\u0448\u043d\u0435\u0432\u0441\u043a\u043e\u0433\u043e, 9\u043a2"}}, {"model": "mainapp.bookings", "pk": 12, "fields": {"hotel": 1, "date": "2020-05-14", "room": 1, "client_name": "\u041c\u0430\u0440\u0438\u043d\u0430 \u0432\u0438\u0448\u043d\u0435\u0432\u0441\u043a\u043e\u0433\u043e", "client_email": "123@fd.loc", "phone_number": "+79057183181", "time": "12:00", "comments": "ghdfsgsd", "country": "\u0420\u043e\u0441\u0441\u0438\u044f", "address": "\u0443\u043b\u0438\u0446\u0430 \u0412\u0441\u0435\u0432\u043e\u043b\u043e\u0434\u0430 \u0412\u0438\u0448\u043d\u0435\u0432\u0441\u043a\u043e\u0433\u043e, 9\u043a2"}}, {"model": "authapp.user", "pk": 1, "fields": {"password": "pbkdf2_sha256$150000$x5ifyr86K6c7$+RqECEUIYTt/5QzQvUL77/6NiXuItaX5nCdsaAzziAk=", "last_login": "2020-05-12T09:54:41.907Z", "email": "t@t.ru", "active": true, "name": "Sergio", "surname": "Burik", "phone_number": "+814448534576", "country": "Saint_Vincent_and_the_Grenadines", "credit_card": "424242424242342", "company_name": "django", "staff": false, "admin": true, "is_sending": false}}, {"model": "authapp.user", "pk": 2, "fields": {"password": "pbkdf2_sha256$150000$NLCQxOksvDII$6YMC2kQZQp3PLGF8wDLpZtt5mjXOoYjjyl3aoaUROPA=", "last_login": "2020-04-28T05:46:40.912Z", "email": "admin@admin.com", "active": true, "name": "", "surname": "", "phone_number": "", "country": "Russia", "credit_card": "", "company_name": "", "staff": true, "admin": true, "is_sending": false}}, {"model": "authapp.user", "pk": 3, "fields": {"password": "pbkdf2_sha256$150000$lpxteUFrf1D4$xQ9rJ7QKZu0Zk/ROOOjaYJsxrKrqnrlHq6s5J89dDsE=", "last_login": "2020-05-12T10:05:50.987Z", "email": "a@a.ru", "active": true, "name": "", "surname": "", "phone_number": "", "country": "Russia", "credit_card": "", "company_name": "", "staff": true, "admin": true, "is_sending": false}}, {"model": "authapp.userprofile", "pk": 1, "fields": {"bank_name": "", "jur_form": "", "avatar": "static/img/default_user.png"}}, {"model": "authapp.userprofile", "pk": 2, "fields": {"bank_name": "", "jur_form": "", "avatar": "static/img/default_user.png"}}, {"model": "authapp.userprofile", "pk": 3, "fields": {"bank_name": "", "jur_form": "", "avatar": "static/img/default_user.png"}}, {"model": "authapp.useractivation", "pk": 1, "fields": {"activation_key": "ca376db561d43c3aa1e28f6b65e9812508888534", "activation_key_expires": "2020-04-20T06:43:09.624Z"}}, {"model": "ordersapp.order", "pk": 1, "fields": {"client_name": "Donald Trump", "client_email": "sergioburik@gmail.com", "days": 3, "total_sum": "6000.00", "booking": 3, "created": "2020-04-18T06:49:00.538Z", "updated": "2020-04-18T06:49:00.538Z", "status": "FM", "is_active": true}}, {"model": "ordersapp.order", "pk": 2, "fields": {"client_name": "Serg Burik", "client_email": "sergey.forester@mail.ru", "days": 3, "total_sum": "9000.00", "booking": 6, "created": "2020-04-18T07:30:09.686Z", "updated": "2020-04-18T07:36:01.886Z", "status": "PD", "is_active": true}}, {"model": "ordersapp.order", "pk": 3, "fields": {"client_name": "Serg Burik", "client_email": "test@test.com", "days": 4, "total_sum": "12000.00", "booking": 10, "created": "2020-04-18T07:36:27.983Z", "updated": "2020-04-18T07:36:41.951Z", "status": "PD", "is_active": true}}, {"model": "ordersapp.order", "pk": 4, "fields": {"client_name": "\u041c\u0430\u0440\u0438\u043d\u0430 \u0432\u0438\u0448\u043d\u0435\u0432\u0441\u043a\u043e\u0433\u043e", "client_email": "123@fd.loc", "days": 2, "total_sum": "4000.00", "booking": 12, "created": "2020-05-12T08:37:41.446Z", "updated": "2020-05-12T08:37:41.446Z", "status": "FM", "is_active": true}}, {"model": "constructor_app.template", "pk": 2, "fields": {"name": "Template 1", "price": 1000, "orders": 0, "banner": "\u0421\u043d\u0438\u043c\u043e\u043a_\u044d\u043a\u0440\u0430\u043d\u0430_1485_1NpRcuJ.png", "path": "media/projects/template1", "description": "lorem lorem lorem lorem lorem lorem lorem lorem lorem lorem lorem lorem lorem lorem lorem lorem lorem lorem lorem lorem lorem lorem lorem lorem lorem lorem lorem lorem lorem lorem lorem lorem lorem lorem lorem lorem lorem lorem lorem lorem lorem lorem lorem lorem lorem"}}, {"model": "constructor_app.order", "pk": 11, "fields": {"user": 1, "status": "RDY", "hotel": 1, "template": 2}}, {"model": "sites.site", "pk": 1, "fields": {"domain": "example.com", "name": "example.com"}}, {"model": "sites.site", "pk": 2, "fields": {"domain": "127.0.0.1:8000", "name": "127.0.0.1:8000"}}, {"model": "mainapp.hotel", "pk": 1, "fields": {"user": 1, "name": "Anapa Hotel", "phone_number": "+30 123 123 12 12", "location": "\u0410\u043d\u0430\u043f\u0430, \u0433\u043e\u0440\u043e\u0434\u0441\u043a\u043e\u0439 \u043e\u043a\u0440\u0443\u0433 \u0410\u043d\u0430\u043f\u0430, \u041a\u0440\u0430\u0441\u043d\u043e\u0434\u0430\u0440\u0441\u043a\u0438\u0439 \u043a\u0440\u0430\u0439, \u042e\u0436\u043d\u044b\u0439 \u0444\u0435\u0434\u0435\u0440\u0430\u043b\u044c\u043d\u044b\u0439 \u043e\u043a\u0440\u0443\u0433, \u0420\u043e\u0441\u0441\u0438\u044f", "description": "Lorem ipsum dolor sit amet, consectetur adipisicing elit. Aperiam beatae cupiditate distinctio ex exercitationem hic, itaque laudantium nulla pariatur quam! Alias aperiam explicabo illum ipsum perspiciatis quasi, rem? Distinctio, incidunt.", "stars": "TR", "banner": "hotels/banners/maarten-van-den-heuvel-gZXx8lKAb7Y-unsplash_28BZN8d.jpg", "is_active": true}}, {"model": "mainapp.hotel", "pk": 2, "fields": {"user": 1, "name": "Sochi Hotel", "phone_number": "+30 123 123 12 12", "location": "\u0421\u043e\u0447\u0438, \u0433\u043e\u0440\u043e\u0434\u0441\u043a\u043e\u0439 \u043e\u043a\u0440\u0443\u0433 \u0421\u043e\u0447\u0438, \u0440\u0435\u043b\u0435\u0439\u0448\u0435\u043d \u0434\u043b\u044f \u0440\u043e\u0443\u0442\u0438\u043d\u0433\u043e\u0432\u043e\u0433\u043e \u0441\u043b\u043e\u044f \u0432 \u041d\u0430\u0432\u0438\u0442\u0435\u043b\u0435, \u042e\u0436\u043d\u044b\u0439 \u0444\u0435\u0434\u0435\u0440\u0430\u043b\u044c\u043d\u044b\u0439 \u043e\u043a\u0440\u0443\u0433, \u0420\u043e\u0441\u0441\u0438\u044f", "description": "", "stars": "FR", "banner": "hotels/banners/815428_GQlQgCg.jpg", "is_active": false}}]